"accession","function","ARIK.20190715.EPIPSAMMON.1","ARIK.20190715.EPIPSAMMON.2","ARIK.20190715.EPIPSAMMON.3","BIGC.20190709.EPILITHON.1","BIGC.20190709.EPILITHON.2","BIGC.20190709.EPILITHON.3","BIGC.20190709.EPIPSAMMON.1","BIGC.20190709.EPIPSAMMON.3","BLDE.20190805.EPILITHON.1","BLDE.20190805.EPILITHON.2","BLDE.20190805.EPILITHON.3","BLDE.20190805.EPILITHON.4","BLDE.20190805.EPILITHON.5","BLDE.20190805.EPILITHON.6","BLDE.20190805.EPILITHON.7","BLDE.20190805.EPILITHON.8","BLDE.SS.20190702","BLUE.20190711.EPILITHON.1","BLUE.20190711.EPILITHON.2","BLUE.20190711.EPILITHON.3","BLUE.20190711.EPILITHON.4","BLUE.20190711.EPILITHON.5","BLUE.20190711.EPILITHON.6","BLUE.20190711.EPILITHON.7","BLUE.20190711.EPILITHON.8","BLUE.SS.20190716","BLWA.C0.20190716","CARI.20190703.EPILITHON.7","CARI.20190703.EPILITHON.8","CARI.SS.20190710","COMO.20190806.EPILITHON.1","COMO.20190806.EPILITHON.2","COMO.20190806.EPILITHON.3","COMO.20190806.EPILITHON.4","COMO.20190806.EPILITHON.5","COMO.20190806.EPIPSAMMON.1","COMO.20190806.EPIPSAMMON.2","COMO.20190806.EPIPSAMMON.3","COMO.SS.20190716","CUPE.20190625.EPILITHON.1","CUPE.20190625.EPILITHON.2","CUPE.20190625.EPILITHON.3","CUPE.20190625.EPILITHON.4","CUPE.20190625.EPILITHON.5","CUPE.20190625.EPILITHON.6","CUPE.20190625.EPILITHON.7","CUPE.20190625.EPILITHON.8","CUPE.SS.20190709","GUIL.20190701.EPILITHON.1","GUIL.20190701.EPILITHON.2","GUIL.20190701.EPILITHON.3","GUIL.20190701.EPILITHON.4","GUIL.20190701.EPILITHON.5","GUIL.20190701.EPILITHON.6","GUIL.20190701.EPILITHON.7","GUIL.20190701.EPILITHON.8","GUIL.SS.20190716","HOPB.20190715.EPILITHON.1","HOPB.20190715.EPILITHON.2","HOPB.20190715.EPILITHON.3","HOPB.20190715.EPILITHON.4","HOPB.20190715.EPILITHON.5","HOPB.20190715.EPIPSAMMON.2","HOPB.SS.20190717","KING.20190723.EPILITHON.1","KING.20190723.EPILITHON.2","KING.20190723.EPILITHON.3","KING.20190723.EPILITHON.4","KING.20190723.EPILITHON.5","KING.20190723.EPILITHON.6","KING.20190723.EPILITHON.7","KING.20190723.EPILITHON.8","KING.SS.20190708","LECO.SS.20190812","MAYF.20190805.EPIXYLON.1","MAYF.20190805.EPIXYLON.2","MAYF.20190805.EPIXYLON.3","MAYF.20190805.EPIXYLON.4","MAYF.20190805.EPIXYLON.5","MCDI.20190724.EPILITHON.1","MCDI.20190724.EPILITHON.2","MCDI.20190724.EPILITHON.3","MCDI.20190724.EPILITHON.4","MCDI.20190724.EPILITHON.5","MCDI.20190724.EPILITHON.6","OKSR.20190711.EPILITHON.1","OKSR.SS.20190820","REDB.20190715.EPILITHON.1","REDB.20190715.EPILITHON.2","REDB.20190715.EPILITHON.3","REDB.20190715.EPIPSAMMON.1","REDB.20190715.EPIPSAMMON.2","REDB.20190715.EPIPSAMMON.3","REDB.20190715.EPIPSAMMON.4","REDB.20190715.EPIPSAMMON.5","REDB.SS.20190709","SYCA.20190617.EPILITHON.1","SYCA.20190617.EPILITHON.2","SYCA.20190617.EPILITHON.3","SYCA.20190617.EPILITHON.4","SYCA.20190617.EPILITHON.5","SYCA.20190617.EPIPSAMMON.1","SYCA.20190617.EPIPSAMMON.2","SYCA.20190617.EPIPSAMMON.3","SYCA.SS.20190716","TECR.SS.20190717","TOMB.C0.20190709","WLOU.20190724.EPILITHON.1","WLOU.20190724.EPILITHON.2","WLOU.20190724.EPILITHON.3","WLOU.20190724.EPILITHON.4","WLOU.20190724.EPILITHON.5","WLOU.20190724.EPIPSAMMON.1","WLOU.20190724.EPIPSAMMON.2","WLOU.SS.20190709"
"A","RNA processing and modification",193.934365900459,175.794864395835,187.997166346823,118.089125004455,226.324436533415,93.1644556185127,124.302010737426,100.618226881657,127.74782649712,128.716902742283,135.507671905104,124.209960759119,236.177195292925,149.053909649317,43.6410777043983,91.3930325216586,NA,198.11301527461,212.8728494135,182.555705581817,166.789702369663,83.4639565615368,127.540062821813,199.668340947052,211.467471051942,134.281162676235,139.420573423033,268.728142998626,184.602904658909,NA,189.075903092944,115.437162297584,81.1655248223764,104.522498898817,91.63473096813,143.74417343919,133.275315092986,119.097708649553,NA,226.411738163963,269.38504940302,265.770650267194,279.912419125831,205.769853792379,185.809945432094,220.78911825346,193.752330628363,NA,77.0284310792257,96.9188547293484,105.536625278819,77.7790207552854,139.614806444678,66.4532685154852,108.273344559272,112.476357849717,NA,135.437587842201,80.0758160620231,99.3593752187257,94.6940480827115,84.8583487990492,112.843497739243,306.014380402629,186.230677220211,206.318816004275,93.4982112067156,82.6850594819388,93.7827764461526,98.2208616292407,100.048790443308,93.5398870350745,423.89649216327,114.391880847128,169.463057757489,205.881728501429,101.422500232782,142.737469719993,202.717604825709,104.886890924191,166.288406304849,160.603810751997,156.635640621143,124.965320850403,289.363721412775,530.164645281415,NA,49.3575302821586,77.6517623079038,75.7728480524211,148.63811919354,193.865057831471,199.850705238316,176.263726031627,250.363213749488,158.727604577857,34.0733700669979,16.707743694317,30.4652586462184,42.7402275628336,34.4500698545655,260.01656837928,278.792891886615,297.929013262263,NA,NA,32.6600399321573,90.1159829744682,129.398023334461,131.011368435296,75.275845320386,109.358556645577,49.6737353216613,56.3469911438153,NA
"B","Chromatin structure and dynamics",120.039407989013,144.800977434036,137.02064904811,72.8160989510154,126.041263836895,51.6795731248317,266.945642610962,269.457840274619,85.7797611401011,48.4881918956706,38.7977893584324,52.6848308689206,143.316417245472,129.0036589104,25.3364812040822,53.5883462640555,NA,77.3792966358055,87.3181252389538,68.3800432224538,73.8705723324404,38.9685641478014,48.4455013404672,62.2045427356532,96.9922386995592,28.8609121329588,298.057165954559,191.642047109755,114.832278016192,520.905636120847,112.975673244114,145.56875535244,59.655914518228,62.15524128451,72.3567048898779,137.823192588759,119.475902422431,97.8497782963573,NA,56.2812077495088,101.491709885187,147.207213230336,72.5420245042777,122.976657646932,65.1644669322119,85.6979179529317,55.8859415396532,NA,29.6137637330722,66.6683185674271,34.6445827947051,61.3834245882485,57.1472831770065,76.2544438071576,71.1916461026311,87.1089544962194,NA,43.9178396453763,60.3573596868373,76.6249468108896,64.4857712194635,59.6766333494121,115.868437484678,NA,74.6250335811285,58.7621854842676,73.5389622257974,69.7912930195875,79.9992039618515,74.7907254257408,73.3203465478884,88.8969914744959,NA,110.465464026836,51.4466363519943,55.4736721851803,46.1659657574875,55.9910204804109,30.0147199988373,98.6455918818535,113.29115649362,128.034723255351,116.35382197436,60.685454952393,87.1278411071809,NA,NA,24.4514419938094,23.9661407919919,27.2594272432626,92.9415973923933,128.432433119463,98.7547901998443,126.084470470118,104.27807340168,NA,86.0649116660224,34.2036507671866,56.1485440461596,20.3230511579989,51.184335985805,434.24759469032,98.4450580022689,76.2685616193769,NA,NA,8.62115579214766,66.9596416702167,75.8064570416914,69.3029720981337,64.9644981870023,120.560486519547,108.275140767473,115.462966405442,NA
"C","Energy production and conversion",115013.904665207,117560.55427244,125640.072828292,79974.5585857144,86031.1443242459,85448.1241366527,159704.801157767,154888.378716904,101924.429975943,81623.3059249048,90961.9163345578,89835.1968389202,114111.492224655,108160.609122175,71938.8034567804,93739.8936784072,144670.278884689,84886.0198820802,93560.4001393495,76806.7953343981,79557.5222855649,88427.0139125467,67875.1288274348,79519.5724206052,87507.8430386054,113782.774819939,112490.056393563,112893.061021491,108737.292720202,133865.299158899,95725.4407620618,98095.1728129913,103439.123048604,95829.5729661052,97586.1166441004,138644.026184988,138678.708473364,102351.203041667,105790.541302316,80742.7469374482,78325.2290991306,86864.533080652,78593.74121553,81136.6178647135,91112.5032788221,81098.3860714587,87032.5294804751,172719.176990111,59872.5993490158,77496.4882518627,84633.7775851452,78061.5664203681,82076.3357914009,76004.9880229435,85426.6710249653,83905.949365589,151222.241348413,75113.6464384741,89710.0115171292,68740.2441412254,80533.693130636,85581.5145609231,144613.45276093,157139.584316286,89260.5701896523,75701.6503120539,84863.2102082827,88235.1380334915,67720.8436185685,72741.9989032084,67213.6589070251,97326.2797248851,129615.612945186,108291.680144508,114978.873204797,115575.833571439,105469.519394718,125139.588219357,118410.535746888,93042.9368458192,81747.224403756,97181.8667936444,104932.310731964,77314.6524775458,97680.7498647186,121757.443504458,153888.527520543,29787.5182316553,55443.5459344818,41649.0760905761,130371.929442569,126278.124493134,130316.533818082,92948.9407427986,131693.049406437,65602.6131284341,104787.091068758,99973.0871615067,109425.438928383,106338.969666299,105973.331043202,135175.017104859,135651.160733351,134970.648315563,111660.606726956,146456.98637074,85055.1836813374,88021.3125783999,95783.090257332,96942.1784496985,97167.6819843571,101706.132144277,129078.277231536,127756.886856602,196508.43241875
"D","Cell cycle control, cell division, chromosome partitioning",17054.9755987228,16723.8300783608,18499.1041898004,15624.4880116761,16804.1975807448,18777.7744830407,19442.7277206559,19456.0022687369,19982.987374893,19952.5944095362,21906.015207678,21345.2300123943,22133.9035646802,19185.9616828725,16200.3713448521,19270.2721577353,12204.3419931595,15135.2247786747,17296.173599065,14710.2437430361,16118.7816306924,16224.2287558115,12156.2769216385,14821.3500607184,15580.409113265,29514.2475650203,22273.4983115929,25837.1767504004,23945.5204089884,27902.3156250328,20954.1612460198,21831.5433727193,22343.6274881873,20204.0869478983,20328.9936318146,20846.9238891148,20301.0123637756,13977.4922542176,2498.99902298977,16984.4256046112,17195.931961067,19253.953186797,16102.4231809293,16823.0877336153,20670.9994158911,17396.5214941583,19435.1910347345,21279.4428654959,10407.2790411434,14181.8880716641,18033.7896483691,13997.6399624781,15491.1157197253,12704.1917295678,17297.5210326799,16039.9111316447,7305.20705320671,16446.3682904082,22563.2607720755,13216.9450126096,17887.4954679099,18904.6948601369,22280.4560234516,34763.9713325459,13853.6768169501,12524.5738460934,11451.6815888835,15729.6526040256,9896.40904329302,11423.1242484105,11492.0140348252,20132.7087522686,14427.6644605747,24620.4223670095,20811.9458813028,21855.6613783999,21041.2884361886,21496.5410398772,20590.04558373,19277.7144016048,11164.9303644265,21550.424717906,13330.6774652209,11265.6319225131,14949.4508829934,19484.058443187,34771.1370783159,6438.72676348433,12750.8300756248,8956.76735557273,22765.9281560636,20768.7858716494,21982.8549844737,16660.7010344158,22014.3393621723,19448.5992447328,25347.0605867862,24612.8524967122,20511.284369834,23473.231796133,24405.4030067836,21278.0671764338,21181.8397520883,21463.6652630331,28495.6331326903,9269.36673259611,19413.6628401922,15438.8836393353,21717.5954716868,20094.7914764803,20108.3230879176,20765.9308046328,19953.7627743465,20128.1301058516,21693.8855589918
"E","Amino acid transport and metabolism",115176.013495504,118830.527094684,130661.879650504,85853.9837722865,98908.4942178915,99118.3167290679,169318.973707828,166266.576022359,100577.409076529,87129.5605943632,89490.2907781359,86812.7867331174,142513.096950809,110466.281032372,65670.1759423657,89099.8424704286,142004.070690901,76258.7715533242,98575.7241071058,77044.0371617944,78918.3676943329,71308.5987694358,63137.5536859503,75758.9433421866,85321.5671586295,153342.289177975,119140.220702108,106713.828083587,104563.491032379,141705.031229721,102180.714709817,116377.549418444,92550.86605876,98210.7024139375,96760.9466746166,147297.399157854,144943.564211822,102313.098773238,163539.836993673,94664.1207117796,97484.1098093898,111004.034175477,93729.9709482696,98418.3109643124,103225.773229684,102571.585809009,99438.8756577254,86146.311767787,57892.4577441433,77956.5759784643,86308.6718788715,74713.4713384793,81176.2685435354,66774.4379558034,90336.3036880226,87112.5404554347,107592.253870865,85629.0151831573,103859.234429592,73359.0925219119,96051.445739887,91863.8897959091,165749.781582607,165291.34822328,78335.6889357873,62313.1494540299,62714.77279086,83164.3651082319,51993.4454645599,64947.0074937574,63812.6338065234,101723.357253436,120204.201332931,121881.612978955,136101.668148636,138702.513701113,121580.178048554,145975.347934564,137853.036447242,86993.5554234698,69698.489261222,98181.0901127821,86669.6654208752,69993.0757846544,101505.06707612,131240.156177941,226550.858081769,31658.8968160274,51316.7033454489,37554.9158482334,147293.257344806,142689.125044562,145421.999976516,106263.915081104,145797.730133039,86871.0037543491,110628.617643096,102374.626365391,105918.960845241,108919.128728348,117679.671490756,156157.975111997,156646.903696234,156873.429238148,83807.6888105855,185930.979596604,83862.4820544263,79599.2776796272,95146.86931561,95318.2849528944,91668.8341533761,114516.856757375,156016.495752236,154997.409930295,139629.026866758
"F","Nucleotide transport and metabolism",32592.0787354947,33010.6787988506,36103.506365713,24820.7872602945,28100.8648483233,31310.208952859,45656.3631928613,45451.8067226131,28374.225390442,24857.0369299156,25607.0695862555,24509.3829225613,37601.2332849456,29879.7246465769,19901.1170976141,26321.6686228569,57090.3297321457,22705.4503157283,27745.2442253374,22480.0055530603,22789.7767074697,21982.5655801004,18762.9952586844,21976.2551188364,24782.6729428832,55027.5408514516,47111.9411242126,29450.9115924643,30398.1077275314,51664.9031606725,27575.5551950186,31552.4526790744,26687.9028510978,27765.271632905,26810.1701591503,38939.3070136179,37224.951413335,28303.3955974723,46985.9340091765,27775.5021034456,27469.5112097976,32628.407208689,28255.1723059198,29098.801912653,30768.0962256719,31075.7909162017,30994.9427517955,32770.6624180075,18139.0923289162,23135.2076317159,25269.902151399,21492.1016788383,24218.3003955438,19777.6892686857,27024.8601418427,24937.5780932634,46859.450964449,24437.8731368541,30991.2324218632,21173.608820534,26919.1935058785,25816.1600043882,39291.8964754473,72767.7418180489,23508.6937649086,18962.6672168364,19171.7163800478,26217.5371401338,15831.5174079377,20085.032569919,19408.5530171268,31240.7792808844,39879.4909704056,33928.1462730933,34002.1841248643,33920.6474558943,30149.6504190942,34014.9570992521,32856.7482253955,27299.2426060881,20193.1254100499,31446.5823908029,23674.4866979248,19971.4904394622,27143.2106777516,30983.4473226691,67631.910746837,9345.14843442661,16142.4409588583,11729.9634443859,38449.116731531,36855.3258095086,37903.9124249799,29657.3453022202,38288.5891307661,38454.7428530353,33301.318089371,31873.0954679658,30714.1136625183,32664.058404334,33475.9913786303,41779.5587956601,42905.8921990829,42016.0089628138,29603.940025103,42530.9948696567,27034.7252718238,23379.1388526013,27683.2390288206,28787.3157025359,26392.345559386,32226.5009467301,40321.8697466643,40100.6711772462,39832.4997857451
"G","Carbohydrate transport and metabolism",86363.9951585891,89282.3684685322,98658.7969238021,67987.4612686808,77991.9437144869,69299.8635273133,117859.664838566,114765.143967421,78175.4181610384,63589.9852119241,66535.4694643006,65706.9499444641,98266.6618819448,81387.6551033107,51869.3720659523,70638.5136446247,74182.5312665341,55051.3672837899,69079.4617184735,54239.6797957534,56397.8763592543,51635.320958551,44941.2172716136,54793.1693385655,61105.7296798448,113071.048592602,74944.3104857126,73299.1495538152,78702.0475471658,91936.0055948967,72999.2562294586,94008.2474264803,75415.8267961558,77140.3972358564,75341.3827162247,106652.909154986,104821.231715106,71928.4738667039,92411.6092995384,64994.4571866119,62471.2549892618,75320.0862082871,66212.4437085927,69650.60121703,74016.5254148772,72399.5505896444,70431.668758677,39992.0402264965,41144.4920018375,54484.8462678539,63634.7970186897,54201.2053034568,57301.8063138122,46583.8925193378,62713.0995578102,60111.1332607135,52319.1804218822,65945.9192434497,87153.8003050563,53228.4799376537,71473.8797086718,65721.0998827927,109782.45102915,95898.3805240451,57891.4483234458,45651.5457477427,50760.5689455224,65975.2898493854,39298.0843115022,52474.2172292969,52020.629878633,83836.2057766248,57644.1483839741,87371.6859438556,103821.995978985,105571.674305833,107137.104986374,105657.064690253,101888.268308053,65617.1857568896,49595.8110142308,73232.2698788503,59015.5314350796,52414.9099476276,70889.8060767777,68972.4939869728,100733.776675792,22594.961242959,37740.1584256842,28134.9859430271,102245.359065391,99133.2194132488,100629.437675089,85461.4835513802,100299.936634022,53349.9098783642,88686.238679055,79077.4324262119,78052.5240775511,85637.9076563555,83921.0328309015,101869.547384678,97069.0574364259,97438.799787912,69016.410053036,80926.7367169017,69194.6615586633,64280.744342839,70890.5988993959,74769.7539238254,68922.82289659,91533.9842235441,104742.239978881,106893.122036691,94111.0994326442
"H","Coenzyme transport and metabolism",55535.5507307221,57685.6892912467,63125.1158046361,51499.6091694,59343.9251323662,55734.1992287877,83335.0076842826,79560.0330338838,65629.249458236,62004.0586662764,65253.680595864,64734.1694197073,75897.2548315095,63552.2053896191,50466.5454220348,59886.5082735894,47813.1433960477,48194.5431932249,58198.1397797851,47334.9893083127,51168.4459698395,49200.3588913114,39502.1107408778,46704.4810052685,50002.7984718931,90076.8029613588,66461.4746942653,80187.6326877438,79291.7864902408,70779.7637234092,71868.4685923155,69617.0884908814,72128.7680249938,69220.0908641068,68276.5889574807,67424.7934309509,66162.9395338897,46278.5910744557,73144.4453113959,58190.8423633234,57929.418587796,66232.3527042983,55482.2903865285,57936.849670229,67390.1674820627,59571.229994122,65059.1027491247,24177.2189458956,35144.8871627901,48316.0347213682,61343.5791767711,45789.2426110644,53129.5785445423,41114.874911696,56739.4125095342,52744.6167499259,55977.9360395462,52747.0590118155,69818.0249944572,45058.1758510564,59537.8228393383,64020.3810706764,80987.6224287911,76818.9956054299,45655.6639973781,38598.2971487948,38910.6483986518,56369.3259097947,31289.2568057235,41384.1459003821,38556.3166130132,70697.6495253727,55524.3838434484,78826.8225417214,68463.2802654116,71474.5502140705,64463.1351922879,73899.2657788102,67920.9848477701,61638.5289259422,38694.2553405205,66538.267670552,45015.7841358511,39950.9331717645,51526.7491963434,71171.210108483,123592.413648286,17713.8621037865,39027.6338602658,27681.5580613073,76307.8300632542,71578.9004322595,74049.6538241729,62405.9757113325,75403.9838683358,53164.9165665902,82101.0314682308,83441.7230204803,67674.9291483611,82403.4718473004,81104.9237163596,74318.2886022574,70853.7918986848,72778.9574809683,90256.8697411138,61015.8862807934,60623.0445443901,56836.7737811958,70426.3626034662,67889.5117367146,69979.4224190519,70100.2779346465,73612.7985260188,73544.8229544986,61147.3894631223
"I","Lipid transport and metabolism",66188.9552524026,69779.559813988,76083.4885241425,51316.9779888973,61467.571291639,57056.2943228137,118499.182049803,113857.271511442,61660.2889006924,55600.2160308382,54029.4425286395,55053.8621410501,93578.9800015358,69211.9914420145,37096.9650957766,53719.8450047798,77537.2804419176,46973.3109389818,61752.2553933508,46867.073213536,46882.1240862155,38105.1795950319,37599.2205989604,47054.9106358314,51883.372825863,85852.8703298642,65250.3832577144,65658.7030330866,60270.3010152831,65450.6563972516,63667.8221002556,77869.7914790911,54945.9488066849,60381.5133972191,59410.8858934869,82303.3372225196,80362.5397126411,58809.3410668917,78974.1335401314,54747.5942197954,56032.3223941226,62938.9591936214,55536.2775016392,57154.1245549842,55996.2747512537,58874.9552741985,55444.1456949529,47397.1032793828,35931.3266523757,45705.1342170472,50436.6714143415,46263.9806729745,49633.2087101347,39796.9941032129,53358.9371151972,53266.3562327829,57788.0810105658,53785.4258088544,65471.7283390398,45134.3532594849,58771.0501232352,58799.1072429978,107390.624922341,93846.9266285381,48861.5396693099,42644.7285477642,41287.199542344,53161.8382989353,34905.1618103056,44732.370834602,42160.9379771288,68533.4998844521,71274.3717722071,75528.1454058106,84083.3272125244,100545.249881459,74454.0205784614,92246.5489822939,86352.5480282675,50867.6076106932,44186.4674827495,59691.0473649146,53696.1537965068,43072.0747706251,64534.6603893929,71192.4885160473,84475.043086436,19606.1815518555,28833.6006646472,22272.291221456,99857.2554889764,93854.7019829604,93645.0566694773,69650.6672177419,95559.9363243512,43167.2107472773,69343.094205607,64857.0584932632,60775.4090759488,63081.1196382132,67720.4745183593,98080.557245438,95672.9466151628,94118.2278444766,44697.3713849018,58924.6515152779,46053.6962964107,52876.0046276305,61933.3656720974,59344.0925142192,55350.8111975954,81296.631734777,101447.668327943,102849.612095818,85737.4291124383
"J","Translation, ribosomal structure and biogenesis",87901.3380085572,89682.5358747052,96859.4798688084,76920.7288852103,82255.6379903707,86916.7577573284,111975.052758139,110060.531536795,92539.0956500646,76295.026174422,82317.0604408793,78592.6584453677,97676.2946030105,99493.915452499,65134.7595921183,87324.8998485405,150693.865209075,79666.5972122148,83993.8999295817,71704.887503717,71526.9590439863,73456.3351500743,62155.1523204949,72459.679466088,77845.0746374459,138635.198926048,121502.658537786,109324.709641766,103574.924194178,231543.956379585,87917.7113977072,88521.8894974523,91009.9484926444,86832.6855919546,85669.8887354466,106961.944810262,106977.835701777,76762.7991441718,134175.651474758,79561.2923991808,82322.0656371255,89348.490299132,80140.3667054012,84938.3134239798,85884.2386053285,84158.6370252653,84573.1257532417,82345.9433354987,59054.4410046235,72277.2651471753,78543.45937674,71497.6081301715,77324.3879668908,65009.0757918096,78546.0732561902,77938.9852776805,130373.756498593,74437.9615898435,85689.4350581651,72932.3113354534,78929.9429520903,80142.1596336424,107855.402579688,199316.857634371,86322.8791799873,81278.4763226597,82235.2999091588,85967.0474852024,72115.6956482747,75956.5992806319,71814.672533586,92414.1426910036,120022.930853639,97417.6822407058,87847.4765961651,95907.7674337904,80780.2338832173,90779.2190564811,87702.7673568424,83575.128546998,78487.0245292005,93591.4423380207,92398.2290198769,77215.9574044316,86434.8795489334,110435.33509762,215344.331724627,29360.1862458207,53083.6814863329,40007.3009944793,106275.602834243,103197.323356502,103534.295425644,88466.668674334,104475.652685065,94039.7742594507,97215.200008266,94754.661171176,101786.877184348,97677.3198606051,101567.757309282,106204.437715222,102718.365225192,101523.729793852,75957.2386965403,158383.329811639,83357.7289691663,81652.7249152115,88794.8222308263,92741.4561516995,90421.4479406184,98486.7369391013,99591.7818656132,102506.854307301,161336.905839305
"K","Transcription",41108.6319274277,42060.6098934625,46439.1509272021,44894.5872529985,56402.5438238298,44015.5237292502,55469.3213320823,53137.9407830232,52371.8071380922,44292.4539214869,45640.2077367486,46406.7084479161,56468.3540366839,53344.2169961889,37336.4295122387,48930.359371538,57028.9428545636,39528.6345597066,46911.1225222675,37469.6016139531,38429.6901735079,34634.4935328769,31181.8584137696,38849.551732266,41323.6230880172,53524.6156733642,32985.1431666287,57979.7103391171,55134.5087947927,76176.7084760051,52628.2769513847,60950.3998332404,54338.3273476103,52864.0211836603,52673.9688107757,48675.4054325889,48955.6428909478,34197.0042153618,83633.648379024,46645.1717800978,47800.5706865648,53325.2787157306,46980.447379791,49665.8056258642,51481.4709923992,50286.9872140548,49399.7124928306,37691.9297858944,29638.4786740665,37761.4561532782,45343.5487414648,37184.4999626338,42067.1680421406,34157.1945336457,45483.2774958517,43744.965040977,41037.9801247312,40222.5677278858,52426.78824905,32455.9871963696,43492.6265578438,44067.220616246,54032.6759214629,64200.9082493116,41402.1785813092,35303.3237917126,34792.1089842274,42409.0698885946,30394.3534543807,34381.3618190349,33732.2290737672,52589.4170986891,40013.3720479818,60827.4096233151,52713.7074949924,56114.849395928,55051.8560315238,55177.8901301014,53845.0366606801,45017.259470573,34223.7625925346,53213.6296023108,41141.2037215077,33205.5463823988,44902.4184933706,61028.1419037485,55625.001948282,15188.7990738775,28628.7537082354,21702.6497924079,54653.9730828754,51260.0385407052,53061.2575082304,48566.8188092725,53200.635569873,29470.2933227696,52210.6282918295,48482.8318288759,53578.4329380681,49940.5458792622,52555.0743337487,52486.9303323809,52252.2926792414,52483.0312577831,38306.4788467501,73317.005128161,46205.2938336423,47227.1642978473,56315.2494154883,57396.2418608281,55095.1929807748,61566.2548727673,52190.6268915718,54665.6768462175,62439.9634185971
"L","Replication, recombination and repair",56939.0353399408,58547.839889881,63591.3854527187,47931.2732433846,51081.3318850848,59042.0678149819,75532.461916269,76243.5653124338,59531.9876791858,58675.652913782,61543.1623434928,60946.1810396044,69039.583406844,59879.5459334564,46004.2219591426,53639.0988804896,94767.4145468286,44101.2645691726,52282.2777439,43447.4314179461,46074.0822532745,45888.7496126683,35920.9252073495,42331.8480553402,46369.0084996282,88762.9808559132,70838.3134924272,66140.4693343981,64036.2156538658,113416.146309026,55594.2907503498,60911.1420937207,63362.0785716919,58697.2031379774,60561.6864057788,68634.4350928149,67971.0707928018,47059.6251109204,86515.6833076396,53327.0321587515,52991.7841295834,59058.7484376615,51021.0072270292,53386.1686727325,61523.4865135135,55085.069967209,58788.2504858797,71846.0844093496,32566.2229947649,43801.6024079314,50895.6448175975,42157.1667771837,46287.5218916286,36673.2169796447,48253.8789979131,46701.4881453771,94514.763872642,49972.080383723,59761.669290793,44828.4144791474,52406.9323787719,55973.0266024283,70417.1481532738,118454.537609127,45121.913172266,37122.1551316955,33979.3624335143,53352.8929050534,28769.7201241257,35425.1600168681,33874.2908466697,65130.7898384554,79650.4446800022,70195.7116370006,61958.2008270811,65314.678419065,58833.1384005079,62219.787649098,60185.4933265077,49636.1216895706,35855.3783329163,56107.5324671529,42313.5592233994,35787.0016836512,48117.2844027674,64091.4854647536,127916.067215637,18836.2539928282,35650.74625744,25314.8136082405,70118.7096731315,66929.2047521921,67982.3700517531,52830.1321472769,69788.7154036822,65455.2745594842,69511.4055102995,69692.3742559207,60929.1821645796,68649.6281702892,69215.4877080698,72960.4679305025,70675.4649012542,70623.8147901561,82520.1224763912,96136.2239818656,62044.3292445923,49352.275451578,63379.6137843705,60213.0365930544,60659.9757178454,62582.5196139269,69142.8651065152,68609.844237215,136886.944635145
"M","Cell wall/membrane/envelope biogenesis",69803.2203597073,71224.8173286522,78146.484431378,68915.0300691894,79086.0572436498,67148.7656036703,77989.5793032668,80974.4948235831,87415.9621032506,81512.9150874638,86575.5264894103,86167.8295232962,91260.7350468055,84006.9009331523,70818.920263157,84122.1384244727,69848.8026371352,67783.4345241002,76712.8303004774,65593.451173211,69552.960352691,72297.8607559567,54955.710225335,65035.6087061435,69436.3585806336,114759.827346447,79503.6042351828,102354.516026899,103399.86128743,92256.8255553211,84542.7321804021,91266.8496252857,90718.6397584796,90572.3385337273,90103.7424697379,84216.9883008223,81416.0639452489,55995.0877400402,52715.971235323,81112.7747209367,81149.8448002438,93147.0088202811,78940.4158994687,81551.4022299544,96776.1975724629,85323.6461277661,95080.6781481817,19457.6597967572,47146.0229095598,64775.1939790669,79750.2789042911,60847.3458888117,70032.9429013675,56273.2761485724,76594.1883937521,70169.6951078,58148.6774179451,69051.0580167637,94270.2343931168,56656.5147454792,74386.5793254308,80328.6196230221,90788.5370385732,91037.7928359628,59840.8603969934,54511.2609493368,49001.4660246559,69959.02618906,41334.0929021507,49312.6980753261,48170.9517827748,86365.2579546915,77813.3912389842,104958.327878822,85326.4505903938,88766.9089510182,90164.0269244888,86831.6676147397,82911.8555291215,83653.9049683264,45583.1089877886,92523.2467567641,54012.298923717,46036.2024488479,62086.5741538718,94714.9251149395,111150.834342766,23941.9272888546,56290.1352714319,38900.7122113847,91812.4289060182,85520.7556477247,89788.6404893108,72614.1836776076,92519.781539511,74820.364974892,108868.037412923,107016.049195418,81283.9080059255,106620.491253901,104110.354476717,88433.9402064728,86114.6257197054,87891.7814926597,115080.780873388,34017.9584218251,96868.3073128499,72559.7360404864,94437.9588916313,91513.5818071791,91556.0060389764,88824.4669937524,82591.2989304344,85258.9645380547,69276.68735851
"N","Cell motility",13113.7898030079,12897.8540711586,14131.0827146372,10565.5302945189,14744.725529729,10263.2235469114,21977.9016864524,21755.6061655613,12974.2826450733,10678.1202236355,12260.9822462234,11730.243647599,19029.4248185619,12721.4767799034,9774.6937217012,12063.1297726528,12257.3440764665,11469.8010570965,15007.4527436433,11366.6320077976,11805.5811475667,12426.2862977696,9486.78495506207,11365.7737097762,12256.0221415322,11840.4286330776,13289.3238536353,15558.2671725192,13551.2019993336,22317.9627877555,12740.266197529,14876.3789897989,12547.6444245374,12431.5137127479,13153.9291849819,20412.8370838906,19493.2584737603,13471.6953034433,20932.3043570598,14627.1808458404,16572.052982998,17599.605808981,14014.1873061785,14708.7688855292,17526.4401915546,15349.0212734327,15400.7921354378,4555.94132323323,8171.26947531997,12072.7846549492,12425.9025749626,11169.5313147362,11734.2492277151,10907.1069250947,16261.0027342292,13598.6843984392,16256.9830064587,9031.42604858808,13939.0193427277,7466.73511225999,9617.12147429927,12595.1536754717,21006.6514340862,22329.8467143781,12011.9066144221,8856.98919904972,8888.11513605147,12623.8848368977,7630.15352942696,9819.32317482192,8885.67305197816,15463.8874675306,25966.675828399,14778.7117242548,19791.7957688636,18022.2438943369,21958.5925479335,20004.5606236769,19298.1570419978,11533.1733129218,8544.63506514103,13558.5131117516,10872.3508698771,7723.75285535427,13280.7355732359,17142.727746244,15795.7290290011,3961.37579943867,9053.71944645835,5925.78157056265,20392.7586041402,18217.2984250041,19945.02912491,12125.1303632702,20921.1893294692,3829.42674972475,16556.492226446,17240.1030090913,13996.5350718305,15059.3502648064,16893.2973875019,17867.1350807882,19220.7697955836,19810.9679272486,14649.6981673307,16100.4501026709,11007.7037561656,9216.5288918594,15283.3668692049,12051.936896881,12575.8090550618,12744.7204316354,16557.8748786061,15828.2187563935,14896.177545421
"O","Posttranslational modification, protein turnover, chaperones",58232.712520992,58196.4775355322,64460.6311321092,51351.0496552662,59095.3446224423,54668.8529516904,72569.6625445752,71931.6225009631,64528.4077145558,57393.5086982259,61395.2327239893,59538.5460468695,69184.5762981645,62166.6199017129,49387.132268115,59138.775546748,69896.1511184152,50256.0615704416,57711.9102176309,49152.9283458383,50873.646493235,48559.9311085307,40671.491046,48737.9174511146,52399.9025176568,77806.7893959124,64715.2749936853,79880.8657808663,76843.3513357285,79244.4840899702,61800.3603745747,66454.2507720669,67353.1516715445,64077.8884859169,64006.2454893678,66161.9252887516,65176.2650599832,46010.2553869636,81862.4411758135,58702.7512181254,58576.1400157138,65973.7922270504,57363.5458493912,60162.6572522452,65874.2967345797,61243.5622372902,65110.7336001317,66654.8505242619,34830.0658062821,46624.2959565351,56715.0945810283,46148.2179223073,50488.9294136669,42815.9771513219,55426.6881291333,51748.6566756987,152747.870964471,50589.0097693395,63174.105156786,46201.0233334663,54343.6612821816,60264.6267966689,74860.1163372934,82840.0508939267,50583.1029237183,45660.9897227231,44698.6931074425,56130.1493224664,36406.6805900774,44311.0659330989,41347.5885932704,66199.7620221499,70097.821809417,76225.1027100924,66844.0440908992,66989.9182736297,66637.3398185464,69251.419275283,65471.193689763,55025.497020688,44443.6286214476,62937.745551526,51182.0013576158,42905.3360567163,53836.9455161556,67865.2578986449,84501.9070743217,18418.7250968879,39014.9137777804,27276.6842975437,73912.6429525229,69184.1349887683,72498.988484474,55649.9017667254,74214.2274988196,52784.6283112779,68386.4395096835,66748.3003679904,61886.3658306406,67703.5978507127,69079.8257347284,72573.2998682926,70608.7490414641,71281.7455653124,70233.5683017118,69957.3300822379,64276.3915983138,55121.3394475129,68397.3322835726,65177.9113171145,68721.608528967,65828.9321142949,70491.4000140468,70442.9528991754,83295.5866782392
"P","Inorganic ion transport and metabolism",62013.441818034,63718.1030502025,69482.6232244868,43352.7847691448,51984.9172387272,42208.7549377207,74622.478999116,70470.9899848529,56017.7966120699,52173.434293786,54805.2343337422,54188.6824328618,69142.7787859808,57798.9982910435,41572.2621651339,52107.1376009605,50225.6267702407,46099.1520942856,57774.6378603314,45411.7678841557,48481.6483105907,44517.8242958519,38142.5030156965,45383.2079572956,50709.3166788452,77763.146994902,47734.3747794765,64056.4857710552,63507.781611074,45564.0952546848,54892.6331305087,62384.7075061116,57716.0077997333,56202.1371796919,55739.569765802,68560.7396497748,66480.1898303703,46910.8292055706,57666.8759560391,57346.8652819202,57894.171444613,64852.888143714,54534.095884235,57066.8423310704,66045.403619122,57877.3928392216,61880.5514342612,14351.5220763226,32680.6178759533,41748.1310045893,51548.6293607542,41408.1498943912,46172.9016026161,37406.783188372,51689.6687261333,47798.7636070653,44983.1618770859,43174.8173269472,56072.8546443584,36361.1572131431,47782.8910398635,51649.9512469164,73240.941324909,61281.6017821302,44342.1158547669,35089.0185336189,34932.5100402379,47838.8376326469,29620.4056574549,35990.3600157409,34165.0754051857,59201.7847395,48694.3675213478,66466.267347407,65710.0232753644,69016.3736451924,69515.2734085103,69483.0538601059,65547.5426964307,55664.9604316126,35828.001649948,62243.7044894816,43324.3608543695,34503.1825736691,48149.7891980531,71637.2463932628,62710.0275652802,16062.4774483033,31230.922234165,21834.510373473,73024.0568267793,71891.202579931,72535.6520912198,48707.3025181806,74207.7017842322,41704.1562933024,65449.6837764172,63792.3098630139,55394.8628747505,66089.312091896,67519.6506395089,73065.3864720509,70746.3021657314,71205.4136736716,81117.3673689352,51560.7483065895,54132.9042599734,47815.4953678033,60799.2979544277,60800.035593162,57348.2463280835,60362.16019168,73590.9119928077,76115.5207222744,51273.3029454073
"Q","Secondary metabolites biosynthesis, transport and catabolism",19117.8387335988,20166.4945936023,21800.7988310036,20237.1381930692,25616.1506315516,21162.7982408072,36397.6203403426,33978.7585945342,27988.5043656622,25961.4856194145,26013.7492316268,26637.4036492119,33152.611374697,28492.5507312031,18489.2673793772,23429.7189250462,19111.3216723414,18224.5507815319,24205.7155962108,18269.8324888631,19698.8266260207,14971.2891783594,14860.4175118773,18397.5974553305,20197.7561890185,27592.2193449611,19023.6786430846,30142.2044621596,30711.5290057872,9297.36634712029,28920.8095992127,33602.7751616545,28321.8118462933,28105.1994888506,26094.7274572792,21844.1361793533,20778.473878623,15325.116257828,9335.95649643763,25077.2935565737,24562.1008930075,28584.3967294738,24038.8051924585,25060.7487804261,27823.7991938296,25045.8247712939,26656.688308582,NA,14485.013903153,19388.9370931332,23818.2300401939,19839.7992190603,22302.8616110197,16408.0141764855,21894.8111106429,22741.3882034073,18409.2690141752,21375.903843158,27159.9781917796,17429.6338756177,23523.4510693293,25218.4833646079,36599.3007960714,19532.6147501166,17519.1606397631,15378.3282646327,14814.7975603623,21688.0714910353,12142.8588265837,15999.8467965704,14728.3489939215,27436.6245184092,12172.7146780187,33994.6908518578,24752.7891676063,26519.9455074594,21741.1083090323,27913.8549770489,25330.2602283043,24494.3834635206,16560.2238578964,26657.1144006918,19842.0495502197,16654.7451288499,23457.4912167529,32140.1630140153,29375.0198255994,7429.61382953621,15007.4882437315,10259.8005488078,32856.020544988,30707.9984757759,31099.4231378101,23202.9207607438,31854.9517602707,16819.8522059927,31863.4797299244,30812.9032877826,25814.0468155171,32720.4627182991,30906.9762942791,30531.620526516,30304.5413628708,29449.260843283,34927.9264408531,5752.64807726158,22779.2153280504,22087.3357474397,28181.8794784544,26400.1843994176,26158.930225642,29974.8973463354,33090.3269752293,32969.256480575,22901.3207509746
"R","General function prediction only",71714.9075991601,74287.3097217957,80812.8255662635,74513.0565169689,87296.4782374349,70309.5263471688,91302.4637320145,93485.9555498795,100319.865441227,95027.1337616956,105354.779027712,101934.821901413,95840.2247658488,93743.6755411738,85440.5950818287,95250.5316120134,56423.7903912854,71306.2721184309,82467.8282901732,70288.3048232504,78578.13489438,79818.4406163257,59568.0170371163,71588.0815245424,73749.4364972932,86309.8355120128,69370.9578640263,118940.697036415,118212.069009298,58639.2112101503,97395.5082024403,99453.6380802663,106650.975127997,103862.905931707,102908.504738201,80646.535152455,80689.455107973,55868.4478199453,51667.2094687518,92170.0000686056,91099.6068041998,101333.551792389,86019.4791763544,91958.3829539265,114375.672286303,93834.9257491393,109885.603031706,39941.4026386646,46557.6660423004,67486.0766739941,88683.9481559688,64271.744304025,75266.3310618149,58756.1268493763,79263.825844074,72891.5123129345,44915.7086446783,80366.2997368256,105995.350029255,64030.6408393315,87679.2311874008,97848.1789590451,96464.5381285336,64303.7727723002,57409.0514980278,50468.7069046176,49291.2786679381,76171.90607816,39849.1944446544,51514.5441715583,48317.0400964598,94310.5014766386,73116.7707047667,118874.948380995,81511.9941068404,84656.883853668,83180.7258158833,85464.0858351208,80771.1624885754,88158.015317628,49057.0553186045,97379.0957872705,55156.1384361756,47395.3434080864,65768.4694425729,99935.6352544268,75633.7526060481,26192.6488210035,66848.1293567584,43561.261002135,98090.3667460969,91440.2914083927,93836.8540944098,76204.4492554148,96324.1924825631,61728.1331147356,113671.908904266,111118.829121701,85699.662373173,112740.558990833,107854.266518349,87178.3348333977,86986.6308302884,86059.0944919468,142522.3783026,60209.5589020255,107841.929823503,83764.3801672472,106901.433194567,101408.817747474,109013.446681984,98478.5585957987,94561.9760937556,92919.623192254,58727.298023087
"S","Function unknown",27878.8769572699,28831.4212882943,31922.5552979717,36754.5659553541,44568.7117991593,32211.1684461143,43786.5819973973,43066.8839958169,46667.3993890418,43365.0641045108,45022.0940438027,44333.004150788,45139.769070411,43369.5679448811,36003.6987259002,45189.7352599064,19131.7774505458,31595.7035100704,37120.7885262121,30653.9205904214,32274.8539683463,30572.2816675058,24850.0663398779,30593.1285364343,33096.2717324674,43777.9687544907,35335.299377493,56562.1663804597,56085.2016627072,22379.1809303224,45103.9051345049,46729.1501441704,47793.1789102362,46438.6686663724,44693.5676219728,31751.464403,30788.6033849223,21809.0053929277,30276.982750289,41883.8313216854,41130.0813945489,46652.8855110382,40997.8426963885,42294.0518862177,45430.3922202919,43386.2642608859,47490.4344897058,17341.9647358428,24217.7981769631,31934.2678657237,40284.1055066102,30823.3726164126,35894.5337901271,27825.2598435282,38698.1840615738,36560.3542239766,20155.2701274078,37004.8289563622,50811.7491168761,28440.4597746748,40330.6199544926,44426.3637950058,42995.6014109626,27475.5531887116,30749.2331667309,30325.982422558,25877.9705322121,37357.6900150698,22097.369405155,27854.9126729589,27282.8637045505,47808.1296255488,24015.6347603898,53598.8357880059,33727.7657833213,39283.0537846041,32973.8707264971,36215.4672849254,33646.7028727915,43242.0888391902,23603.321950791,49302.3630148944,26185.2724581324,22877.4740861271,31054.4178193449,48154.3695250742,40215.0338497834,11791.3869862017,28073.5075669255,18701.0099666097,43432.2108124034,39307.0798187772,40775.2209657384,39339.3029617584,41063.1623724026,25522.215004592,55375.3140752282,55320.1260622622,43315.3453529215,56973.4863250085,57100.325623488,34455.6898554142,36299.0949902708,35892.3932217126,50800.6997894975,13646.0885863125,46330.5376526852,37437.39945173,50027.9110336501,47855.6207221835,48342.301897982,49626.1070999948,37864.2422584803,38808.7022896119,24373.3924868666
"T","Signal transduction mechanisms",67093.042212653,68011.598781551,75360.1298784954,57494.5510672317,70503.4781979294,54225.5302165215,84359.8745011977,82212.2132972551,77743.4099546946,74631.6448148935,87614.7703621841,81102.879476984,80377.9666732539,69875.9131104946,66765.7114863396,69753.0311146349,75412.0594633204,64948.3040941403,75870.5352281486,63422.3218320131,72504.6965641854,71353.2417568325,54524.6614097436,63082.4876570676,67155.1919811157,43919.1963003511,44454.9989364447,83715.0854420492,81855.9702195475,76146.986894135,72155.9686403667,77478.2443401388,89141.6716449967,80836.7147337804,81188.0067682569,88549.4549950554,88613.9465240557,59652.7442570888,82061.4278553211,70633.0767251293,68512.9882444842,78737.6661630376,66293.0498029198,67984.8685412895,88821.8749603383,71062.064718912,80909.2389019485,41144.799966728,35404.6939242596,56336.5532057949,73290.3455430814,53812.2961403897,61757.7876252388,49400.1911883585,69639.4986446622,61223.6559403506,63058.4162142374,52847.8084303522,74119.5223043181,46953.3107525218,58960.5738037549,69488.2140484017,83758.4022219583,59735.9187948144,52609.129400466,42051.6870461626,41733.7623579034,66356.5171742034,32882.4736509076,43599.6144684078,37665.7120663657,82381.2368732169,119800.320011766,76925.9995449503,83121.5694045896,79696.3320618963,87789.7648417789,83423.6352704917,80578.1464369557,84600.1870938721,43503.7898429691,85688.0777189454,51307.1813478749,41863.577052391,62677.8262556548,121391.675022855,44842.1253447789,20739.5491884853,54406.0920090422,35195.6327616161,82606.5004050504,77386.5247438005,81734.5234700424,57255.0914207802,84803.0348820804,33623.8398668037,101641.639797507,99598.518985268,73400.6966672507,103978.64150562,89375.6909978654,90856.0378759271,93379.1919575356,93977.3946378708,162677.220708368,59311.0125937135,79795.1476064563,58510.7596622963,77764.107276834,72371.1919371272,77960.2558453298,68136.7349961762,79035.3014582332,79429.8925191452,81077.774096918
"U","Intracellular trafficking, secretion, and vesicular transport",15499.3721414406,15202.6987056843,16857.6501198274,18145.6660350108,20533.2923200268,17398.0171992272,22765.5460773695,23343.7331441821,21242.3613367987,18843.5206431138,21324.1035828488,19681.5924995842,24318.2253946363,21221.0363158383,16768.3305197993,20181.3481096051,17166.6652805028,17712.4732807552,19871.7446298584,16369.7912354418,17250.6832626518,17407.1002496709,14287.2611758082,16616.5788098287,17514.8337830113,22421.8016133791,20420.4527336175,28608.8246120625,23069.7246778162,29030.1203567658,21796.8077757649,22711.2238753811,19075.9580873572,20687.6649459958,21409.2801276484,19392.7891852624,19055.8536885155,13861.1612058709,28304.8271718863,18419.9984905417,19264.0887361819,21449.1342189862,17969.2075471825,19890.6664328556,23082.5146533774,19997.1649718708,20403.6937812458,12344.7534742252,12535.8910263854,16905.2569237078,18523.0142200343,16213.7434995842,17880.2766504809,15602.6739374767,20179.4484958304,18581.0048896877,11879.4237596949,15856.1825365509,20530.8759310328,13549.0250810362,17455.3193203058,20426.0304591273,21734.1758821784,24583.6898757535,17475.9653358947,14728.0667953781,14436.1953028295,17865.722513992,12802.6633402349,14643.0668355613,13801.668855555,20957.4245498224,18021.3808370217,25145.149754665,20994.3870110907,24018.7423897171,23646.5730064777,22297.2641921284,21308.8300416188,21996.3871203532,14281.9835953562,24939.3020085967,17501.1860171081,13798.2099147925,19002.2083828693,26336.7483213401,31152.1436723328,5944.05046133815,13587.0377649558,9380.17777678387,23053.2392414017,21041.7274100154,21956.4223522762,20660.3699773335,22401.5671677517,13229.6398282239,27138.0420471876,26859.9289819912,21407.9211977965,23574.9577141023,23327.6657236767,23022.6961944368,21653.4165771589,21321.0413032149,22778.828774187,8628.52048161332,21817.0468867584,18327.9117826643,21390.6564996828,20932.0307083126,20577.1251526897,23656.3998748572,19972.992466153,20823.7305191737,19841.5571040474
"V","Defense mechanisms",33630.9448000927,35510.3648524513,38412.4039115335,33020.9153909211,40987.834308133,29401.3562438103,44053.4356766528,45005.363536045,49423.3254017078,45569.5121503552,50394.407187735,51480.6678651359,41851.1443285189,43488.4282848868,40709.9444867585,43638.2119458543,49068.7712532563,34447.0518516268,38077.7028093989,33999.4715960094,40016.6855240839,40876.1086415695,29043.1956252033,32964.2362990321,36006.0745087315,31856.8510109049,26587.0008873135,65729.74480076,65202.7331890097,28106.0644034504,46902.689917446,46749.3041911628,59878.7386656179,53118.8924916079,54098.5247121071,42703.8944726971,42463.4381930797,28892.8042070213,43186.7018150441,42961.08982478,41550.8741930269,45005.2991064089,37883.8056382518,41826.9679607712,54816.1094674021,41777.297841909,46077.8012316102,68916.1323289895,20994.8659386575,29366.8041351566,42338.4975548495,30036.8154081179,34585.3603779143,26153.0310529683,34564.5877323223,32306.2954455122,29107.810970978,35605.1766302434,46709.7781076459,29872.7203542446,38206.1808236893,48898.4069818901,42949.3446652323,25235.2208616865,39667.6765298545,21601.5651278823,20516.1053564897,35128.7102687773,18327.9843945939,20927.2122752626,19062.5590531278,44523.4524073731,22208.2675371494,58736.8040838682,44346.3333103522,42942.0933778103,48542.5641852471,45059.5049060255,42213.9224038805,43748.6623831902,20059.3787130884,44684.1799377405,24948.3744252798,20003.8507039278,27488.301722548,53683.3572018583,25418.4670731591,12576.9761815422,36114.2232159648,23119.3421477153,42341.8352169678,41204.7498453366,41991.4286683872,34799.0371574905,41182.3836227099,28484.0807821502,52448.2888462139,56101.9892539696,39101.1913926696,57945.9603127317,48044.9401522066,43068.5998296013,39573.6629574327,39868.9272393193,68896.2730056653,25795.7297496898,46730.5393951918,44687.6316294637,55582.6769327483,50797.7318748487,58536.709903242,47325.7447189719,45615.8370666476,44977.661795991,30314.3340549569
"W","Extracellular structures",239.523195484248,227.473605857206,301.382986677149,220.268401186095,232.765372234178,175.968734272712,35.4363250787426,69.9814050761951,262.33727282311,251.932157616314,281.000185346919,180.061930118225,281.428898497175,205.00238501823,167.026802392379,250.549460283713,NA,67.9561499651662,122.439333800098,95.2410912808208,68.4856360739641,52.4033204729518,81.7865701690687,61.5839688458851,87.4888995958099,23.6506715195359,283.032186094814,315.301578023694,297.360314126543,NA,283.032638870485,224.301506681276,212.451050214147,318.94555886158,275.082863553099,174.965872928097,184.294745431173,120.304885570797,NA,107.174218443057,100.075183948677,142.148238794132,129.860214155081,125.821289978887,80.4194867919608,140.465142487786,92.8073241137526,NA,135.371501429333,218.647598635396,172.268557760742,182.341605517027,216.526435654266,127.923463825859,172.136616211262,208.507501307989,NA,172.577209603508,211.436967268082,159.375277433132,203.48594902012,210.720287507868,313.495380261732,NA,131.89049413433,140.723616611935,202.970262471184,199.505885136308,188.550824432209,265.712127920009,227.549133540404,369.986694527182,NA,251.37275459252,412.86581840906,339.660925319351,320.829006042485,441.093574985285,397.819965385878,146.846447735333,143.15215896997,273.839815829077,160.638741137115,140.849071046187,216.235687831008,519.79829746865,594.630451714832,75.5960778974509,88.0891011080204,62.4392842198607,294.483008090709,234.684513175748,262.492488804173,317.650246857549,266.508886309997,35.703842768871,203.340846903233,343.341549922966,210.991824160304,154.111418107873,288.253834921124,100.356462553872,146.053664696212,141.885856608823,406.035088845893,NA,153.949240695423,288.174204309881,337.589548247016,227.344768750029,244.094047191758,414.690136886779,157.253325289499,154.699217010206,NA
"X","Mobilome: prophages, transposons",22853.0579264321,22586.5041003325,24594.6740462953,24360.6624585024,27449.3158134716,16496.78576219,26855.5367270676,29092.8237795516,34715.2329714032,37066.3168226722,33864.7647671132,39728.7611343332,22921.4599264188,28699.5407726962,27899.0889532247,27345.5199055171,41236.7940566459,30656.4670740905,31331.2830145299,30502.2763123489,37784.5090082003,37436.189423268,24259.3803136598,24780.6968613698,31155.4174850474,6007.93174017949,10248.7357763956,31499.9183357537,30887.5318824514,18939.9093562761,24266.15917024,30638.0117738738,30350.2635794545,28116.9842975032,32362.8011060244,37305.5199322724,38082.6507361192,26365.0909271724,54234.4712336356,32397.6632096762,30343.4992987075,32258.1235834931,30237.6322471924,33704.3363357276,37981.9534384598,31493.2409637264,37626.1569364056,175020.022558374,15038.7079021391,22429.8336872262,29143.4501739197,20079.7669308232,22258.6602374564,17826.1218997442,21382.2045325909,21879.5975751394,29569.3757739049,25001.9933924178,30622.4824146062,14942.0273216526,25736.1558671666,35650.1729916096,35508.497592342,16696.3371889582,50713.056688224,12290.5411149386,11519.5165812698,21689.5815302645,12928.9372933643,10094.8675001399,9116.85769013208,26085.3799094298,27502.7929044429,24809.2688837149,28336.1814623402,30013.9695946601,35478.4672256737,28815.5470971705,27762.0443278196,22510.4794697458,12941.688543795,24044.384655662,18375.8004254379,12024.460380257,15778.1590742434,57930.7626054838,6461.96668212484,10941.3271149199,26559.0321931894,16350.809213824,25663.2533093423,24157.0798605976,24324.2450317393,29786.9515145921,25328.8557775396,15335.0184107683,36588.781214748,36249.5862966527,23530.1358232177,30036.3626103769,34029.9032136471,18871.3465980553,16809.90071249,17280.216659174,27273.2586330109,62414.9765081923,23935.8185618609,24526.9654246295,29153.7848869406,25280.6427255976,32314.8135960681,29097.3873573392,31626.5107577435,28285.5087117178,24301.8559353431
"Z","Cytoskeleton",158.156555013249,132.873775341664,120.347267423656,223.716496889414,349.304118203607,624.354079591456,532.281239400513,409.123177238885,205.710158324515,105.381894902037,90.560774264903,99.6697560606813,228.142694581506,258.824448718972,97.0918183539468,139.413748186767,NA,166.109373347811,181.645794970568,108.703797894234,149.398432623352,92.85018938952,107.491226684913,125.323164644584,137.207899551356,217.565449584239,189.745730055772,549.388525303494,461.556345358804,NA,300.123483276832,189.774857215128,172.134307742925,156.37005616054,118.272923238639,204.68150953907,187.294591014081,152.614252562371,NA,216.689406571785,272.386734829359,347.959611897305,266.287123679871,247.205978616204,180.887527234639,266.938991048364,219.25510863547,NA,198.988512065109,167.952322555497,143.097792148343,199.278854726536,256.980916835162,164.525989957054,224.953896801476,231.617913225916,NA,209.224770513646,177.213773977539,205.336352880932,171.275803720756,172.388738912141,457.035004180207,NA,260.005440055742,304.675358994265,245.24230283356,338.765391668059,198.572770479976,316.230752480756,269.753641006564,272.139469425711,NA,569.458216895732,299.679032283315,272.023190184274,645.808317592003,268.582444481534,251.391133669698,182.007785299545,304.473452841916,223.174191463766,240.203692462964,313.107407711217,315.260023657967,429.659499256502,2322.84755973299,113.701133115653,142.331772980186,147.048939292904,364.645582191078,286.365307566023,339.027919038327,335.947177558708,392.054802863911,235.640291736031,171.804827551855,183.328781020897,257.83636070644,146.288216874108,150.450723297012,152.808576479437,148.845865380246,148.335403749018,NA,NA,68.2741703736846,165.659206236016,140.588433917953,141.153150973219,130.504715224595,162.83723413151,196.680451709272,220.156477892635,NA
